{
  "preset": "fine",
  "rules": [
    {
      "algorithm": "lsh",
      "selection_rule": "fallback: maximize recall then qps",
      "row": {
        "config": {
          "nbits": 2048
        },
        "mean_recall": 0.6194940000000017,
        "mean_qps": 388.2597797630991,
        "mean_latency_ms": 2.5758856233334275,
        "size_mb": 30.414151191711422,
        "build_s": 1.7088307999983954,
        "cv_qps": 0.0106435150703859
      }
    },
    {
      "algorithm": "hnsw",
      "selection_rule": "recall>=0.8, then max qps",
      "row": {
        "config": {
          "ef_construction": 200,
          "ef_search": 96,
          "m": 16
        },
        "mean_recall": 0.9459019999999424,
        "mean_qps": 1953.4317896161283,
        "mean_latency_ms": 0.5119265866667168,
        "size_mb": 306.7333927154541,
        "build_s": 97.08163379999678,
        "cv_qps": 0.0036928888773367
      }
    },
    {
      "algorithm": "ivfpq",
      "selection_rule": "fallback: maximize recall then qps",
      "row": {
        "config": {
          "m_pq": 24,
          "nlist": 1024,
          "nprobe": 192,
          "pq_bits": 10
        },
        "mean_recall": 0.4359240000000031,
        "mean_qps": 390.1155821123561,
        "mean_latency_ms": 2.563384560000001,
        "size_mb": 9.631946563720703,
        "build_s": 92.35344149999946,
        "cv_qps": 0.0040362602526119
      }
    },
    {
      "algorithm": "ivf_flat",
      "selection_rule": "recall>=0.8, then max qps",
      "row": {
        "config": {
          "nlist": 1024,
          "nprobe": 64
        },
        "mean_recall": 0.9466579999999432,
        "mean_qps": 630.367737753672,
        "mean_latency_ms": 1.586385650000011,
        "size_mb": 296.739634513855,
        "build_s": 7.103377200000978,
        "cv_qps": 0.0025186984380237
      }
    }
  ]
}